{
  "mercury": {
    "Easy_pass@1": 0.5568181818181818,
    "Easy_pass@3": 0.7022727272727273,
    "Easy_pass@5": 0.7613636363636364,
    "Easy_beyond@1": 0.3868611560557632,
    "Easy_beyond@3": 0.41686202322642835,
    "Easy_beyond@5": 0.4255333541664179,
    "Medium_pass@1": 0.4172839506172839,
    "Medium_pass@3": 0.6061728395061728,
    "Medium_pass@5": 0.6666666666666666,
    "Medium_beyond@1": 0.36229925158807574,
    "Medium_beyond@3": 0.32596671221913265,
    "Medium_beyond@5": 0.30994619901730974,
    "Hard_pass@1": 0.12873563218390804,
    "Hard_pass@3": 0.2206896551724138,
    "Hard_pass@5": 0.25287356321839083,
    "Hard_beyond@1": 0.07089000795798558,
    "Hard_beyond@3": 0.08270522875441813,
    "Hard_beyond@5": 0.08881214320311258,
    "Average_pass@1": 0.3671875,
    "Average_pass@3": 0.508203125,
    "Average_pass@5": 0.55859375,
    "Average_beyond@1": 0.27170879610892984,
    "Average_beyond@3": 0.274541080606679,
    "Average_beyond@5": 0.27452825681920967
  },
  "config": {
    "prefix": "",
    "do_sample": true,
    "temperature": 0.2,
    "top_k": 0,
    "top_p": 0.95,
    "n_samples": 5,
    "eos": "<|endoftext|>",
    "seed": 0,
    "model": "codellama/CodeLlama-7b-hf",
    "modeltype": "causal",
    "peft_model": null,
    "revision": null,
    "use_auth_token": false,
    "trust_remote_code": false,
    "tasks": "mercury",
    "instruction_tokens": null,
    "batch_size": 10,
    "max_length_generation": 2048,
    "precision": "fp32",
    "load_in_8bit": false,
    "load_in_4bit": true,
    "left_padding": false,
    "limit": null,
    "limit_start": 0,
    "save_every_k_tasks": -1,
    "postprocess": true,
    "allow_code_execution": true,
    "generation_only": false,
    "load_generations_path": null,
    "load_data_path": null,
    "metric_output_path": "CodeLlama-7b-hf-mercury-result.json",
    "save_generations": true,
    "load_generations_intermediate_paths": null,
    "save_generations_path": "generations.json",
    "save_references": false,
    "save_references_path": "references.json",
    "prompt": "prompt",
    "max_memory_per_gpu": null,
    "check_references": false
  }
}