{
  "mercury": {
    "Easy_pass@1": 0.7681818181818181,
    "Easy_pass@3": 0.8965909090909091,
    "Easy_pass@5": 0.9431818181818182,
    "Easy_beyond@1": 0.5383433626612911,
    "Easy_beyond@3": 0.5542815601698201,
    "Easy_beyond@5": 0.5699540642198911,
    "Medium_pass@1": 0.6049382716049383,
    "Medium_pass@3": 0.7432098765432099,
    "Medium_pass@5": 0.7901234567901234,
    "Medium_beyond@1": 0.5026072352132699,
    "Medium_beyond@3": 0.4679001673762598,
    "Medium_beyond@5": 0.4425341549337296,
    "Hard_pass@1": 0.1839080459770115,
    "Hard_pass@3": 0.28965517241379307,
    "Hard_pass@5": 0.3448275862068966,
    "Hard_beyond@1": 0.1142105541521418,
    "Hard_beyond@3": 0.11679746943676311,
    "Hard_beyond@5": 0.12988122099726607,
    "Average_pass@1": 0.5179687500000001,
    "Average_pass@3": 0.641796875,
    "Average_pass@5": 0.69140625,
    "Average_beyond@1": 0.38289734444415935,
    "Average_beyond@3": 0.37827371364617046,
    "Average_beyond@5": 0.3800816032333775
  },
  "config": {
    "prefix": "",
    "do_sample": true,
    "temperature": 0.2,
    "top_k": 0,
    "top_p": 0.95,
    "n_samples": 5,
    "eos": "<|endoftext|>",
    "seed": 0,
    "model": "codellama/CodeLlama-13b-hf",
    "modeltype": "causal",
    "peft_model": null,
    "revision": null,
    "use_auth_token": false,
    "trust_remote_code": false,
    "tasks": "mercury",
    "instruction_tokens": null,
    "batch_size": 1,
    "max_length_generation": 2048,
    "precision": "fp32",
    "load_in_8bit": false,
    "load_in_4bit": true,
    "left_padding": false,
    "limit": null,
    "limit_start": 0,
    "save_every_k_tasks": -1,
    "postprocess": true,
    "allow_code_execution": true,
    "generation_only": false,
    "load_generations_path": null,
    "load_data_path": null,
    "metric_output_path": "codeLlama-13b-hf-mercury-result.json",
    "save_generations": true,
    "load_generations_intermediate_paths": null,
    "save_generations_path": "generations.json",
    "save_references": false,
    "save_references_path": "references.json",
    "prompt": "prompt",
    "max_memory_per_gpu": null,
    "check_references": false
  }
}