{
  "mercury": {
    "Easy_pass@1": 0.7136363636363636,
    "Easy_pass@3": 0.7363636363636363,
    "Easy_pass@5": 0.7386363636363636,
    "Easy_beyond@1": 0.5346616692949514,
    "Easy_beyond@3": 0.543085393353663,
    "Easy_beyond@5": 0.5445871487558871,
    "Medium_pass@1": 0.6938271604938272,
    "Medium_pass@3": 0.7444444444444445,
    "Medium_pass@5": 0.7530864197530864,
    "Medium_beyond@1": 0.5439194762152021,
    "Medium_beyond@3": 0.5416128864524683,
    "Medium_beyond@5": 0.549752418636262,
    "Hard_pass@1": 0.5218390804597701,
    "Hard_pass@3": 0.6505747126436782,
    "Hard_pass@5": 0.6781609195402298,
    "Hard_beyond@1": 0.4255225142333653,
    "Hard_beyond@3": 0.4055039346171537,
    "Hard_beyond@5": 0.40262274727501585,
    "Average_pass@1": 0.6421874999999999,
    "Average_pass@3": 0.7097656250000001,
    "Average_pass@5": 0.72265625,
    "Average_beyond@1": 0.5005006375378508,
    "Average_beyond@3": 0.4958632840994711,
    "Average_beyond@5": 0.49797575786320986
  },
  "config": {
    "prefix": "",
    "do_sample": true,
    "temperature": 0.2,
    "top_k": 0,
    "top_p": 0.95,
    "n_samples": 5,
    "eos": "<|endoftext|>",
    "seed": 0,
    "model": "Qwen/CodeQwen1.5-7B",
    "modeltype": "causal",
    "peft_model": null,
    "revision": null,
    "use_auth_token": false,
    "trust_remote_code": false,
    "tasks": "mercury",
    "instruction_tokens": null,
    "batch_size": 5,
    "max_length_generation": 2048,
    "precision": "fp32",
    "load_in_8bit": true,
    "load_in_4bit": false,
    "left_padding": false,
    "limit": null,
    "limit_start": 0,
    "save_every_k_tasks": -1,
    "postprocess": true,
    "allow_code_execution": true,
    "generation_only": false,
    "load_generations_path": null,
    "load_data_path": null,
    "metric_output_path": "CodeQwen1.5-7B-mercury-result.json",
    "save_generations": true,
    "load_generations_intermediate_paths": null,
    "save_generations_path": "CodeQwen1.5-7B-mercury-generations.json",
    "save_references": false,
    "save_references_path": "references.json",
    "prompt": "prompt",
    "max_memory_per_gpu": null,
    "check_references": false
  }
}