{
  "mercury": {
    "Easy_pass@1": 0.8009090909090908,
    "Easy_pass@3": 0.9318505087985607,
    "Easy_pass@5": 0.9565573734712426,
    "Easy_pass@10": 0.9724475321115804,
    "Easy_pass@15": 0.9760010315994246,
    "Easy_pass@30": 0.9772532739175671,
    "Easy_pass@50": 0.9772727090652186,
    "Easy_pass@100": 0.9772727272727273,
    "Easy_beyond@1": 0.6157761602312667,
    "Easy_beyond@3": 0.614361386630854,
    "Easy_beyond@5": 0.6002713604933934,
    "Easy_beyond@10": 0.6062919562956438,
    "Easy_beyond@15": 0.6081297909991007,
    "Easy_beyond@30": 0.6013288002038016,
    "Easy_beyond@50": 0.6014660230872038,
    "Easy_beyond@100": 0.6018426106843152,
    "Medium_pass@1": 0.8182716049382717,
    "Medium_pass@3": 0.9373316689189706,
    "Medium_pass@5": 0.9629227361066804,
    "Medium_pass@10": 0.9816894789648843,
    "Medium_pass@15": 0.9873596783746194,
    "Medium_pass@30": 0.9944592984733943,
    "Medium_pass@50": 0.9983389790692909,
    "Medium_pass@100": 1.0,
    "Medium_beyond@1": 0.6329463784192079,
    "Medium_beyond@3": 0.6570806354321911,
    "Medium_beyond@5": 0.6649424036915489,
    "Medium_beyond@10": 0.651418537039827,
    "Medium_beyond@15": 0.6471946054593237,
    "Medium_beyond@30": 0.6378822798284218,
    "Medium_beyond@50": 0.6308981245969094,
    "Medium_beyond@100": 0.6216870823396308,
    "Hard_pass@1": 0.492183908045977,
    "Hard_pass@3": 0.6545985541552044,
    "Hard_pass@5": 0.708947666196219,
    "Hard_pass@10": 0.7672572778281319,
    "Hard_pass@15": 0.7939435338281124,
    "Hard_pass@30": 0.8255296867576754,
    "Hard_pass@50": 0.839419000796054,
    "Hard_pass@100": 0.8505747126436781,
    "Hard_beyond@1": 0.38985112622299956,
    "Hard_beyond@3": 0.3823762746099932,
    "Hard_beyond@5": 0.39426089261624336,
    "Hard_beyond@10": 0.39054907180701615,
    "Hard_beyond@15": 0.39344995537170274,
    "Hard_beyond@30": 0.39419470948763546,
    "Hard_beyond@50": 0.39331471484081093,
    "Hard_beyond@100": 0.39461024176761167,
    "Average_pass@1": 0.7014843749999999,
    "Average_pass@3": 0.839362438157081,
    "Average_pass@5": 0.8744228025358651,
    "Average_pass@10": 0.9056391163789929,
    "Average_pass@15": 0.9177238756724191,
    "Average_pass@30": 0.9311350548008148,
    "Average_pass@50": 0.9370894873890956,
    "Average_pass@100": 0.94140625,
    "Average_beyond@1": 0.5444297138035481,
    "Average_beyond@3": 0.5490393335335626,
    "Average_beyond@5": 0.5507223128126842,
    "Average_beyond@10": 0.5472514175838011,
    "Average_beyond@15": 0.5475325420604069,
    "Average_beyond@30": 0.542501323474457,
    "Average_beyond@50": 0.5400396027936486,
    "Average_beyond@100": 0.5376949001699693
  },
  "config": {
    "prefix": "",
    "do_sample": true,
    "temperature": 0.2,
    "top_k": 0,
    "top_p": 0.95,
    "n_samples": 100,
    "eos": "<|endoftext|>",
    "seed": 0,
    "model": "deepseek-ai/deepseek-coder-6.7b-base",
    "modeltype": "causal",
    "peft_model": null,
    "revision": null,
    "use_auth_token": false,
    "trust_remote_code": false,
    "tasks": "mercury",
    "instruction_tokens": null,
    "batch_size": 20,
    "max_length_generation": 1024,
    "precision": "fp32",
    "load_in_8bit": false,
    "load_in_4bit": true,
    "left_padding": false,
    "limit": 256,
    "limit_start": 0,
    "save_every_k_tasks": -1,
    "postprocess": true,
    "allow_code_execution": true,
    "generation_only": false,
    "load_generations_path": null,
    "load_data_path": null,
    "metric_output_path": "evaluation_results.json",
    "save_generations": true,
    "load_generations_intermediate_paths": null,
    "save_generations_path": "generations.json",
    "save_references": false,
    "save_references_path": "references.json",
    "prompt": "prompt",
    "max_memory_per_gpu": null,
    "check_references": false
  }
}